{"assets/images/cart.png":["assets/images/cart.png"],"assets/images/cart2.png":["assets/images/cart2.png"],"assets/images/crown.png":["assets/images/crown.png"],"assets/images/feedback.png":["assets/images/feedback.png"],"assets/images/like.png":["assets/images/like.png"],"assets/images/logo.png":["assets/images/logo.png"],"assets/images/logo2.png":["assets/images/logo2.png"],"assets/images/signupbutton.jpg":["assets/images/signupbutton.jpg"],"assets/images/star.png":["assets/images/star.png"],"assets/images/th.png":["assets/images/th.png"],"assets/images/viewBooster.png":["assets/images/viewBooster.png"],"packages/cupertino_icons/assets/CupertinoIcons.ttf":["packages/cupertino_icons/assets/CupertinoIcons.ttf"],"packages/flutter_inappwebview/assets/t_rex_runner/t-rex.css":["packages/flutter_inappwebview/assets/t_rex_runner/t-rex.css"],"packages/flutter_inappwebview/assets/t_rex_runner/t-rex.html":["packages/flutter_inappwebview/assets/t_rex_runner/t-rex.html"],"packages/fluttertoast/assets/toastify.css":["packages/fluttertoast/assets/toastify.css"],"packages/fluttertoast/assets/toastify.js":["packages/fluttertoast/assets/toastify.js"],"packages/font_awesome_flutter/lib/fonts/fa-brands-400.ttf":["packages/font_awesome_flutter/lib/fonts/fa-brands-400.ttf"],"packages/font_awesome_flutter/lib/fonts/fa-regular-400.ttf":["packages/font_awesome_flutter/lib/fonts/fa-regular-400.ttf"],"packages/font_awesome_flutter/lib/fonts/fa-solid-900.ttf":["packages/font_awesome_flutter/lib/fonts/fa-solid-900.ttf"],"packages/youtube_player_flutter/assets/speedometer.webp":["packages/youtube_player_flutter/assets/speedometer.webp"]}